{"cameraMode":{"drawMode":0,"name":"Shaded","section":"Shading Mode"},"sceneLighting":true,"audioPlay":false,"sceneViewState":{"showFog":true,"showMaterialUpdate":false,"showSkybox":true,"showFlares":true,"showImageEffects":true,"showParticleSystems":true},"in2DMode":false,"pivot":{"x":39.95817947387695,"y":40.393402099609378,"z":-107.15827941894531},"rotation":{"x":-0.17948712408542634,"y":0.7683854699134827,"z":-0.2447788119316101,"w":-0.5634291172027588},"size":80.48312377929688,"orthographic":true}