{"cameraMode":{"drawMode":0,"name":"Shaded","section":"Shading Mode"},"sceneLighting":false,"audioPlay":false,"sceneViewState":{"showFog":true,"showMaterialUpdate":true,"showSkybox":false,"showFlares":true,"showImageEffects":true,"showParticleSystems":true},"in2DMode":false,"pivot":{"x":-0.5420693159103394,"y":0.537916898727417,"z":-0.2651824951171875},"rotation":{"x":-0.023845143616199495,"y":0.9751038551330566,"z":-0.13126276433467866,"w":-0.17713572084903718},"size":4.059014797210693,"orthographic":false}